State,Account length,Area code,International plan,Voice mail plan,Number vmail messages,Total day minutes,Total day calls,Total day charge,Total eve minutes,Total eve calls,Total eve charge,Total night minutes,Total night calls,Total night charge,Total intl minutes,Total intl calls,Total intl charge,Customer service calls,Churn,Prediction,Churn Probability (%),Stay Probability (%),Risk Level,Risk signals,Recommended action
LA,117,408,No,No,0,184.5,97,31.37,351.6,80,29.89,215.8,90,9.71,8.7,4,2.35,1,False,CUSTOMER WILL STAY,16.0,84.0,LOW,High evening usage,Maintain engagement and monitor future usage or service-call changes.
IN,65,415,No,No,0,129.1,137,21.95,228.5,83,19.42,208.8,111,9.4,12.7,6,3.43,4,True,CUSTOMER WILL CHURN,72.0,28.0,HIGH,Frequent customer service calls,Urgent: contact the customer within 24 hours and offer a tailored retention plan.
NY,161,415,No,No,0,332.9,67,56.59,317.8,97,27.01,160.6,128,7.23,5.4,9,1.46,4,True,CUSTOMER WILL CHURN,80.0,20.0,HIGH,Frequent customer service calls; Very high daytime usage; High evening usage,Urgent: contact the customer within 24 hours and offer a tailored retention plan.
SC,111,415,No,No,0,110.4,103,18.77,137.3,102,11.67,189.6,105,8.53,7.7,6,2.08,2,False,CUSTOMER WILL STAY,6.0,94.0,LOW,No strong risk signal detected,Maintain engagement and monitor future usage or service-call changes.
HI,49,510,No,No,0,119.3,117,20.28,215.1,109,18.28,178.7,90,8.04,11.1,1,3.0,1,False,CUSTOMER WILL STAY,3.5,96.5,LOW,No strong risk signal detected,Maintain engagement and monitor future usage or service-call changes.
AK,36,408,No,Yes,30,146.3,128,24.87,162.5,80,13.81,129.3,109,5.82,14.5,6,3.92,0,False,CUSTOMER WILL STAY,2.0,98.0,LOW,No strong risk signal detected,Maintain engagement and monitor future usage or service-call changes.
MI,65,415,No,No,0,211.3,120,35.92,162.6,122,13.82,134.7,118,6.06,13.2,5,3.56,3,False,CUSTOMER WILL STAY,1.5,98.5,LOW,No strong risk signal detected,Maintain engagement and monitor future usage or service-call changes.
ID,119,415,No,No,0,159.1,114,27.05,231.3,117,19.66,143.2,91,6.44,8.8,3,2.38,5,True,CUSTOMER WILL CHURN,72.0,28.0,HIGH,Frequent customer service calls,Urgent: contact the customer within 24 hours and offer a tailored retention plan.
VA,10,408,No,No,0,186.1,112,31.64,190.2,66,16.17,282.8,57,12.73,11.4,6,3.08,2,False,CUSTOMER WILL STAY,1.0,99.0,LOW,New customer account,Maintain engagement and monitor future usage or service-call changes.
WI,68,415,No,No,0,148.8,70,25.3,246.5,164,20.95,129.8,103,5.84,12.1,3,3.27,3,False,CUSTOMER WILL STAY,2.5,97.5,LOW,No strong risk signal detected,Maintain engagement and monitor future usage or service-call changes.
MN,74,510,No,Yes,33,193.7,91,32.93,246.1,96,20.92,138.0,92,6.21,14.6,3,3.94,2,False,CUSTOMER WILL STAY,1.0,99.0,LOW,No strong risk signal detected,Maintain engagement and monitor future usage or service-call changes.
HI,85,415,No,No,0,235.8,109,40.09,157.2,94,13.36,188.2,99,8.47,12.0,3,3.24,0,False,CUSTOMER WILL STAY,4.5,95.5,LOW,No strong risk signal detected,Maintain engagement and monitor future usage or service-call changes.
MN,46,415,No,No,0,214.1,72,36.4,164.4,104,13.97,177.5,113,7.99,8.2,3,2.21,2,False,CUSTOMER WILL STAY,3.0,97.0,LOW,No strong risk signal detected,Maintain engagement and monitor future usage or service-call changes.
VT,128,510,No,Yes,29,179.3,104,30.48,225.9,86,19.2,323.0,78,14.54,8.6,7,2.32,0,False,CUSTOMER WILL STAY,2.5,97.5,LOW,No strong risk signal detected,Maintain engagement and monitor future usage or service-call changes.
LA,155,415,No,No,0,203.4,100,34.58,190.9,104,16.23,196.0,119,8.82,8.9,4,2.4,0,True,CUSTOMER WILL CHURN,68.0,32.0,MEDIUM,No strong risk signal detected,Review the account this week and send a proactive service or plan offer.
MT,73,415,No,No,0,160.1,110,27.22,213.3,72,18.13,174.1,72,7.83,13.0,4,3.51,0,False,CUSTOMER WILL STAY,0.5,99.5,LOW,No strong risk signal detected,Maintain engagement and monitor future usage or service-call changes.
ID,77,415,No,No,0,251.8,72,42.81,205.7,126,17.48,275.2,109,12.38,9.8,7,2.65,2,True,CUSTOMER WILL CHURN,74.0,26.0,HIGH,Very high daytime usage,Urgent: contact the customer within 24 hours and offer a tailored retention plan.
MA,108,415,No,No,0,178.3,137,30.31,189.0,76,16.07,129.1,102,5.81,14.6,5,3.94,0,False,CUSTOMER WILL STAY,0.0,100.0,LOW,No strong risk signal detected,Maintain engagement and monitor future usage or service-call changes.
KY,95,408,No,No,0,135.0,99,22.95,183.6,106,15.61,245.3,102,11.04,12.5,9,3.38,1,False,CUSTOMER WILL STAY,3.0,97.0,LOW,No strong risk signal detected,Maintain engagement and monitor future usage or service-call changes.
MI,36,510,No,Yes,29,281.4,102,47.84,202.2,76,17.19,187.2,113,8.42,9.0,6,2.43,2,False,CUSTOMER WILL STAY,19.5,80.5,LOW,Very high daytime usage,Maintain engagement and monitor future usage or service-call changes.
